front,answer,explination
"Combining Like Terms: Simplify 6y + 2y - 4y","4y","Combine terms with the same variables."
"Distributive Property: Simplify 3(4x - 5)","12x - 15","Multiply each term inside the parentheses by 3."
"Factoring: Factor 20x + 10","10(2x + 1)","Factor out the greatest common factor, 10."
"Exponent Rules: Simplify b^5 * b^3","b^8","Add the exponents when multiplying powers with the same base."
"Simplifying Fractions: Simplify 18/24","3/4","Divide both the numerator and denominator by their greatest common factor (GCF), 6."
"Simplifying Radicals: Simplify sqrt(50)","5sqrt(2)","Factor sqrt(50) = sqrt(25 * 2) = 5sqrt(2)."
"Solving Linear Equations: Solve 4x + 1 = 9","x = 2","Isolate x by subtracting 1 from both sides and dividing by 4."
"Simplifying Complex Fractions: Simplify (5/12) / (15/18)","3/5","Multiply by the reciprocal: (5/12) * (18/15)."
"Quadratic Formula: Solve x^2 - 7x + 10 = 0","x = 2, 5","Factor into (x - 2)(x - 5) = 0."
"Rationalizing the Denominator: Simplify 3/sqrt(5)","3sqrt(5)/5","Multiply both the numerator and denominator by sqrt(5)."
"Multiplying Binomials: Simplify (2x + 3)(x - 1)","2x^2 + x - 3","Use the FOIL method to expand."
"Simplifying Expressions: Simplify 3(2x + 4) - x","5x + 12","Distribute 3 and combine like terms."
"Combining Like Terms: Simplify 8z - 3z + z","6z","Combine terms with the same variables."
"Distributive Property: Simplify -2(3x - 4)","-6x + 8","Multiply each term inside the parentheses by -2."
"Factoring: Factor 30x + 45","15(2x + 3)","Factor out the greatest common factor, 15."
"Exponent Rules: Simplify c^4 * c^3","c^7","Add the exponents when multiplying powers with the same base."
"Simplifying Fractions: Simplify 21/49","3/7","Divide both the numerator and denominator by their greatest common factor (GCF), 7."
"Simplifying Radicals: Simplify sqrt(32)","4sqrt(2)","Factor sqrt(32) = sqrt(16 * 2) = 4sqrt(2)."
"Solving Linear Equations: Solve 2x - 5 = 3","x = 4","Isolate x by adding 5 to both sides and dividing by 2."
"Simplifying Complex Fractions: Simplify (7/8) / (21/32)","4/3","Multiply by the reciprocal: (7/8) * (32/21)."
"Quadratic Formula: Solve x^2 + 2x - 8 = 0","x = -4, 2","Factor into (x + 4)(x - 2) = 0."
"Rationalizing the Denominator: Simplify 7/sqrt(3)","7sqrt(3)/3","Multiply both the numerator and denominator by sqrt(3)."
"Multiplying Binomials: Simplify (x - 4)(x + 5)","x^2 + x - 20","Use the FOIL method to expand."
"Simplifying Expressions: Simplify 4(2x - 3) + x","9x - 12","Distribute 4 and combine like terms."
"Combining Like Terms: Simplify 5a + 3a - 7a","a","Combine terms with the same variables."
"Distributive Property: Simplify -3(2x + 7)","-6x - 21","Multiply each term inside the parentheses by -3."
"Factoring: Factor 40x + 25","5(8x + 5)","Factor out the greatest common factor, 5."
"Exponent Rules: Simplify d^2 * d^5","d^7","Add the exponents when multiplying powers with the same base."
"Simplifying Fractions: Simplify 35/50","7/10","Divide both the numerator and denominator by their greatest common factor (GCF), 5."
"Simplifying Radicals: Simplify sqrt(45)","3sqrt(5)","Factor sqrt(45) = sqrt(9 * 5) = 3sqrt(5)."
"Solving Linear Equations: Solve x/3 + 2 = 5","x = 9","Isolate x by subtracting 2 from both sides and multiplying by 3."
"Simplifying Complex Fractions: Simplify (9/16) / (3/4)","3/4","Multiply by the reciprocal: (9/16) * (4/3)."
"Quadratic Formula: Solve x^2 - 4x - 5 = 0","x = -1, 5","Factor into (x + 1)(x - 5) = 0."
"Rationalizing the Denominator: Simplify 2/sqrt(7)","2sqrt(7)/7","Multiply both the numerator and denominator by sqrt(7)."
"Multiplying Binomials: Simplify (3x + 2)(x - 4)","3x^2 - 10x - 8","Use the FOIL method to expand."
"Simplifying Expressions: Simplify 5(2x - 3) - 2x","8x - 15","Distribute 5 and combine like terms."
"Combining Like Terms: Simplify 9x + 7x - 4x","12x","Combine terms with the same variables."
"Distributive Property: Simplify -4(3x + 5)","-12x - 20","Multiply each term inside the parentheses by -4."
"Factoring: Factor 24x + 36","12(2x + 3)","Factor out the greatest common factor, 12."
"Exponent Rules: Simplify e^6 * e^3","e^9","Add the exponents when multiplying powers with the same base."
"Simplifying Fractions: Simplify 28/35","4/5","Divide both the numerator and denominator by their greatest common factor (GCF), 7."
"Simplifying Radicals: Simplify sqrt(200)","10sqrt(2)","Factor sqrt(200) = sqrt(100 * 2) = 10sqrt(2)."
"Solving Linear Equations: Solve 5x - 4 = 16","x = 4","Isolate x by adding 4 to both sides and dividing by 5."
"Simplifying Complex Fractions: Simplify (8/15) / (24/25)","10/9","Multiply by the reciprocal: (8/15) * (25/24)."
"Quadratic Formula: Solve x^2 + 3x - 10 = 0","x = -5, 2","Factor into (x + 5)(x - 2) = 0."
"Rationalizing the Denominator: Simplify 6/sqrt(11)","6sqrt(11)/11","Multiply both the numerator and denominator by sqrt(11)."
"Multiplying Binomials: Simplify (x + 6)(x - 3)","x^2 + 3x - 18","Use the FOIL method to expand."
"Simplifying Expressions: Simplify 2(4x - 5) + 3x","11x - 10","Distribute 2 and combine like terms."
